Tarih,Göstr.
30 Nis 2026 Per,0
1 May 2026 Cum,0
2 May 2026 Cmt,0
3 May 2026 Paz,0
4 May 2026 Pzt,0
5 May 2026 Sal,0
6 May 2026 Çar,0
7 May 2026 Per,0
8 May 2026 Cum,0
9 May 2026 Cmt,0
10 May 2026 Paz,0
11 May 2026 Pzt,0
12 May 2026 Sal,0
13 May 2026 Çar,0
14 May 2026 Per,0
15 May 2026 Cum,0
16 May 2026 Cmt,0
17 May 2026 Paz,0
18 May 2026 Pzt,0
19 May 2026 Sal,0
20 May 2026 Çar,0
21 May 2026 Per,0
22 May 2026 Cum,0
23 May 2026 Cmt,0
24 May 2026 Paz,0
25 May 2026 Pzt,0
26 May 2026 Sal,0
27 May 2026 Çar,0
